image_id,filename,file_size_kb,creation_time,modification_time,file_path
00075,DreamLayer_00075_.png,150.52,2025-09-20 13:34:22,2025-09-20 13:34:21,served_images/DreamLayer_00075_.png
00076,DreamLayer_00076_.png,177.47,2025-09-20 16:54:44,2025-09-20 16:54:43,served_images/DreamLayer_00076_.png
00077,DreamLayer_00077_.png,172.09,2025-09-20 17:04:45,2025-09-20 17:04:43,served_images/DreamLayer_00077_.png
00078,DreamLayer_00078_.png,109.62,2025-09-20 17:11:14,2025-09-20 17:11:14,served_images/DreamLayer_00078_.png
00079,DreamLayer_00079_.png,172.57,2025-09-20 17:12:53,2025-09-20 17:12:52,served_images/DreamLayer_00079_.png
00080,DreamLayer_00080_.png,160.89,2025-09-20 17:34:19,2025-09-20 17:34:18,served_images/DreamLayer_00080_.png
00081,DreamLayer_00081_.png,158.35,2025-09-20 17:36:25,2025-09-20 17:36:24,served_images/DreamLayer_00081_.png
00082,DreamLayer_00082_.png,168.76,2025-09-20 17:46:42,2025-09-20 17:46:41,served_images/DreamLayer_00082_.png
00083,DreamLayer_00083_.png,166.42,2025-09-20 18:10:48,2025-09-20 18:10:37,served_images/DreamLayer_00083_.png
00084,DreamLayer_00084_.png,176.07,2025-09-20 18:18:03,2025-09-20 18:18:01,served_images/DreamLayer_00084_.png
00085,DreamLayer_00085_.png,177.4,2025-09-20 18:30:42,2025-09-20 18:30:41,served_images/DreamLayer_00085_.png
00086,DreamLayer_00086_.png,176.19,2025-09-20 18:51:41,2025-09-20 18:51:40,served_images/DreamLayer_00086_.png
00087,DreamLayer_00087_.png,175.74,2025-09-20 19:06:23,2025-09-20 19:06:21,served_images/DreamLayer_00087_.png
00088,DreamLayer_00088_.png,134.07,2025-09-20 19:17:52,2025-09-20 19:17:51,served_images/DreamLayer_00088_.png
00089,DreamLayer_00089_.png,159.19,2025-09-20 19:21:08,2025-09-20 19:21:07,served_images/DreamLayer_00089_.png
00090,DreamLayer_00090_.png,149.11,2025-09-20 19:23:14,2025-09-20 19:23:14,served_images/DreamLayer_00090_.png
00091,DreamLayer_00091_.png,124.34,2025-09-20 19:25:57,2025-09-20 19:25:56,served_images/DreamLayer_00091_.png
00092,DreamLayer_00092_.png,85.83,2025-09-20 19:27:57,2025-09-20 19:27:56,served_images/DreamLayer_00092_.png
00093,DreamLayer_00093_.png,106.78,2025-09-20 19:29:37,2025-09-20 19:29:37,served_images/DreamLayer_00093_.png
00094,DreamLayer_00094_.png,168.24,2025-09-20 19:34:11,2025-09-20 19:34:09,served_images/DreamLayer_00094_.png
00095,DreamLayer_00095_.png,133.02,2025-09-20 19:35:35,2025-09-20 19:35:33,served_images/DreamLayer_00095_.png
00096,DreamLayer_00096_.png,99.8,2025-09-20 19:45:31,2025-09-20 19:45:29,served_images/DreamLayer_00096_.png
00097,DreamLayer_00097_.png,115.84,2025-09-20 19:51:45,2025-09-20 19:51:44,served_images/DreamLayer_00097_.png
00098,DreamLayer_00098_.png,145.19,2025-09-20 21:17:45,2025-09-20 21:17:43,served_images/DreamLayer_00098_.png
00099,DreamLayer_00099_.png,136.17,2025-09-21 21:44:24,2025-09-21 21:44:23,served_images/DreamLayer_00099_.png
00100,DreamLayer_00100_.png,152.0,2025-09-21 21:57:09,2025-09-21 21:57:08,served_images/DreamLayer_00100_.png
